﻿<?xml version="1.0" encoding="UTF-8"?>
<SliderGroups>
    <Group name="CBBE">
        <Member name="DSE - Stockings Arms (Nylon)"/>
        <Member name="DSE - Stockings Feet (Nylon)"/>
        <Member name="DSE - Stockings Hands (Nylon)"/>
        <Member name="DSE - Stockings Legs (Nylon)"/>
        <Member name="DSE - Stockings Panties (Nylon)"/>
        <Member name="DSE - Stockings Arms (Latex)"/>
        <Member name="DSE - Stockings Feet (Latex)"/>
        <Member name="DSE - Stockings Hands (Latex)"/>
        <Member name="DSE - Stockings Legs (Latex)"/>
        <Member name="DSE - Stockings Panties (Latex)"/>
    </Group>
    <Group name="DSE - Stockings Outfit">
        <Member name="DSE - Stockings Arms (Nylon)"/>
        <Member name="DSE - Stockings Feet (Nylon)"/>
        <Member name="DSE - Stockings Hands (Nylon)"/>
        <Member name="DSE - Stockings Legs (Nylon)"/>
        <Member name="DSE - Stockings Panties (Nylon)"/>
        <Member name="DSE - Stockings Arms (Latex)"/>
        <Member name="DSE - Stockings Feet (Latex)"/>
        <Member name="DSE - Stockings Hands (Latex)"/>
        <Member name="DSE - Stockings Legs (Latex)"/>
        <Member name="DSE - Stockings Panties (Latex)"/>
    </Group>
</SliderGroups>
